employee_id,first_name,last_name,email,phone_number,ssn,date_of_birth,address,department,salary,password
2824,Angel,Hill,donaldgarcia@example.net,+1-219-560-0133,734-84-8929,1987-11-26,"26542 Susan Junction Apt. 161, Melanieview, AS 06196",Engineering,958006.14,y+S7Rpde$49^
8428,Cynthia,Diaz,michael41@example.net,+1-228-732-7648x3503,411-35-1085,1973-09-17,"PSC 9537, Box 6724, APO AE 32826",HR,1006323.98,hRVEz_i8p++c
9669,John,Tran,frazierdanny@example.net,001-645-514-6270x48281,157-48-2647,1996-01-22,"USS George, FPO AA 03053",Operations,970308.99,55TZgmjR@5w0
9835,Karina,Vaughn,raymond57@example.net,213.331.5098x393,725-81-0965,1974-12-07,"1834 Lewis Curve, Sanchezfort, AS 53855",Finance,541843.24,JJ$f1yDvDp62
8579,John,Leblanc,jmorton@example.org,5808132677,061-22-6210,1959-07-02,"Unit 4746 Box 8723, DPO AA 29035",Engineering,2404407.08,%!$9uRXPor^p
1651,Christine,Barnes,sarah35@example.org,362-547-5107x991,519-34-2171,1983-02-07,"4278 Carr Valley, Lake Lisaport, TN 14078",Operations,1262449.05,#+43DdpP6t$Y
5291,Evan,Ramos,hhoffman@example.org,001-728-205-9826x204,367-27-4089,1966-05-07,"232 Nicole Burg Apt. 563, Erikville, MS 05576",Finance,2495754.13,3oq4aG8^*DPc
5279,Gregory,Estes,benjamin96@example.com,001-556-798-1693x4060,442-09-5410,2001-10-04,"484 Nguyen Square, Angelaborough, MT 87654",Operations,1762602.71,A2T9JUaMK3&s
5649,Zachary,Schultz,clarence34@example.org,820.503.7917,736-90-6292,1992-12-29,"016 Gregory Square, Williamsbury, PW 16407",Marketing,2231601.66,bzW2ZXfonS*h
5543,Katie,Boyd,joshuajones@example.com,845.458.1223,724-28-1053,1987-08-02,"0366 Melissa Track Suite 705, Karenchester, ND 98479",Engineering,1165120.03,+O8NGbtfo8ZR
2375,Dawn,Taylor,qwhite@example.com,737-555-6464x17080,667-09-0660,1961-06-19,"USNS Combs, FPO AP 20474",Sales,2002455.02,(wM6PWvfj$2U
7498,Shelly,Gonzalez,curtisbarton@example.net,+1-819-905-8651x850,109-56-5935,2002-08-09,"262 Gilbert Plain Suite 769, Marcusbury, MP 11860",Marketing,1532289.11,%yGHo13l7rd8
4954,Jennifer,Freeman,hannahbrewer@example.com,701.843.6349x578,764-71-5420,1983-04-18,"4313 Wilson Plain Apt. 337, Jennyhaven, PA 37594",Engineering,1187973.52,EA@)3J9hZh*!
1841,Johnny,Hensley,shortrichard@example.org,001-802-529-4131,795-67-6233,1990-01-04,"PSC 4964, Box 9909, APO AP 13507",Marketing,2262199.7,&5SIvdM#9$3^
4241,Ronald,Stephens,rebekahserrano@example.org,6248994717,279-65-8848,1992-12-15,"5940 Jeremy Spring, Port Emilyview, OK 05774",Finance,1993036.46,K8zK7xQuB*#I
1601,Shawn,Edwards,darrell68@example.org,+1-487-660-3859x77034,449-90-7942,1967-08-14,"248 Andrea Course, Port Robin, NH 15897",Finance,1563549.77,9eIN2Pw2_h_^
1042,Justin,Evans,cgrimes@example.net,855.288.6753x3963,326-96-7750,1985-04-18,"0289 Kane Well, Garciamouth, AL 95193",HR,2194091.48,6j7YH^Ce#UYr
2121,Jimmy,Cohen,wendy16@example.org,001-517-824-0050x45562,580-88-2951,1970-12-02,"379 Jesse Route Suite 740, Santanaside, GA 10182",Engineering,2485415.04,*J6oSGj5UU59
1803,Renee,Mcgee,kimberly39@example.com,239.742.1047,750-17-1477,1979-06-09,"32858 Rivas Glens Suite 451, Mccartyberg, WV 30072",Marketing,445279.53,_k@RLZbVr6(5
4626,Deborah,Reid,tblankenship@example.net,(712)800-4711x38267,602-96-2532,1987-08-03,"640 Robinson Mills Apt. 515, Bruceview, ID 16512",Engineering,352125.24,*WVk6gT^i13q
5542,Michele,Thomas,amberlindsey@example.org,+1-302-305-3950x24026,488-58-5932,1994-04-12,"390 Ellis Burgs Apt. 766, South Jennifermouth, CA 11090",Sales,2128103.17,)YV9GWcP^k(E
8398,Pamela,Gutierrez,uross@example.org,465-245-2711x11615,601-72-9203,1981-10-14,"6049 Bell Ports Apt. 273, West Meganstad, DE 37013",Engineering,1497282.55,)yZXZnun73dA
7566,Chad,Figueroa,davisalyssa@example.com,(275)325-4599x10229,279-57-6948,1992-05-27,"3815 Rodriguez Springs Suite 840, South Tracey, AR 01508",Sales,1899807.52,$6C!h1GyPnl4
2275,Michelle,Johnston,amckinney@example.com,860-352-9751,250-56-9649,1986-08-09,"5352 William Crescent Apt. 552, North Dwayne, ID 23241",Finance,855054.09,a12OhYLyTZ)p
2118,Taylor,Welch,brittany58@example.org,977-200-5411x9986,461-74-3085,1981-03-26,"71518 Benjamin Station, Ritterhaven, NC 80429",Engineering,1859123.16,Gj5$YLCTG#px
3317,Sabrina,Collins,tanderson@example.org,486-552-8168x5054,350-99-7968,1972-06-02,"14188 Ebony Wells, New Nicholas, GA 24204",Operations,1986656.24,f$EZxfhk5+9k
8218,Steven,Campbell,ashaw@example.org,392.640.7581,086-98-2627,1977-12-01,"1375 Robert Locks, Joeland, MN 29931",Finance,399162.87,akD9nd_e!5^w
9647,Rodney,Parsons,kevinwilliams@example.com,+1-697-811-7980x8932,002-79-5781,1975-09-22,"185 Stephanie Plains, South Morganton, SC 51210",Operations,2288751.76,E%^a*VhaED4X
3209,Bryan,Parsons,mjohnson@example.org,205.548.6874,293-46-0784,1981-12-10,"6765 Tyler Parks Suite 841, Millerburgh, ND 39005",Marketing,1698404.43,^1WJdEkqEzCy
6952,William,Brady,stephaniethomas@example.net,+1-770-721-3556x90927,455-98-1260,1998-05-29,"5431 Jill Parks Suite 814, Janeborough, RI 37932",Operations,524841.31,_^7edlxzbe+G
3852,Laura,Hicks,gallowaylaura@example.org,805.989.5782x9114,539-53-6709,1998-06-23,"177 Anderson Village Apt. 268, Port Davidberg, ME 22082",Sales,1306944.11,DvWo6YS)A5h#
6531,Megan,Elliott,millerstacy@example.net,839-669-0784x473,465-10-0982,1970-02-10,"3592 Hensley Island Suite 625, West Johnville, KY 59430",Operations,1320569.3,$2X6D+CbBiOQ
7442,William,Levy,brandywilliams@example.com,297.848.0162x4565,053-73-9205,1972-08-07,"68784 David Court Suite 558, Kariborough, PA 67232",HR,536129.02,#elQ+B_b&8Xo
5911,Thomas,Smith,emily69@example.com,001-809-474-9930x9728,842-88-3969,1961-07-02,"07562 Vaughn Loop, Salaston, VT 18599",Sales,702532.02,zNF3RRSk(cl7
5890,Jeffrey,Dudley,kellie37@example.com,258.644.1986x6524,732-11-5675,1989-06-16,"38484 Daniel Streets Apt. 308, Lake Jesse, CT 54673",Marketing,704796.67,j^SDIvrN2v7Z
9767,Joanne,Jefferson,gentrygregory@example.org,3677240049,292-59-8902,1995-01-13,"743 Mark Street, Wongburgh, AL 97050",Finance,623437.01,i0p^4QSv1_B6
5374,Stephanie,Turner,greenmichael@example.org,6177426841,630-29-3591,1968-06-10,"956 Todd Unions Apt. 391, Ricestad, CA 74447",Marketing,1761915.66,@R0pKcRqs0%)
8575,Emily,Parker,fosterlisa@example.net,391.906.5180,033-37-6699,1971-08-08,"6766 Felicia Shore Apt. 512, Ricebury, MP 00956",Operations,608118.82,!4GOM+1qivaX
1550,Sean,Powers,sanchezbradley@example.com,783.702.8439,243-39-2348,1994-10-28,"0892 Peters Causeway Suite 685, Russellport, MS 24602",Engineering,1699746.13,A7ltThT)(3ZH
4120,Brett,Bennett,russojacob@example.net,001-583-873-5403x3173,246-71-5270,1978-08-13,"4587 Garcia Stravenue Suite 535, Robertshire, VI 29503",Sales,1765998.18,SV+925UiSv2A
6770,Gary,Cortez,iwhite@example.net,3804100623,010-28-8286,1990-05-21,"700 Smith Pines Suite 840, Drakeburgh, CT 13125",Finance,2137878.73,(2Ek^wg5dAH^
7213,Nicholas,Alvarez,warnerchristopher@example.com,+1-659-218-0339x7401,184-41-0257,1973-06-13,"42939 Rhodes Plains Suite 621, Brianchester, IN 10464",Marketing,1393924.66,w^j9YzOEvtca
2204,Christopher,Moore,jodistewart@example.org,404-875-4121,460-72-9089,1994-03-23,"58199 Shields Bridge, Robertland, VA 73840",Sales,921189.34,cQ79_08fj$vf
3219,Kevin,Rush,meagan65@example.com,969-524-5937x52654,334-49-4593,1986-02-03,"828 Stephanie Mountain, South Lauren, MP 91312",Operations,966129.71,6A6+JVpW@Ruq
9796,Brittney,Rocha,mackdiane@example.com,(390)696-5610,228-66-8500,1997-04-29,"5679 Michael Burg, Garciachester, PW 11754",Operations,527979.37,D2jD*fL%$eL@
4996,Zachary,Arnold,anita73@example.com,+1-522-566-0937x9660,286-97-1026,1998-08-23,"5371 Lambert Overpass, Candicefurt, OR 15473",Operations,1509433.85,0b5tVbOt(^_G
9804,Heather,Brewer,angelaburns@example.org,(557)890-5072,576-65-8110,1987-03-13,"772 Ariana Underpass Apt. 404, New Keith, WI 60443",Finance,1471767.47,)(j7Rm$qSz*n
5305,Michael,Montoya,hgrimes@example.org,595.296.2923,584-45-8721,1978-06-25,"4494 Derek Terrace, Sellersview, VI 86470",Sales,1014441.69,enicHe7I#Yr2
8449,Stephanie,Murphy,meltonmelanie@example.org,001-775-418-6363x7454,580-63-5632,1962-08-25,"12770 Harris Spurs Apt. 424, Lake Michaelland, MN 87599",HR,654374.45,Y_hJ&Bm^VQK2
3165,Tim,Perez,crosscurtis@example.com,(942)762-2189x092,740-28-2481,1987-05-16,"11219 Bell Meadow Suite 234, East Angelaport, WI 91003",HR,2477623.17,!14ZkGqG5Z^r
7895,Michael,Vega,xbest@example.org,6918043006,434-90-6591,1964-12-17,"1418 Terri Drives, Peterland, ME 92077",Operations,1633298.51,&K3Xhgg(&d0B
7092,David,Norman,jessica10@example.com,(448)714-9177x85079,162-33-1686,1998-05-29,"80003 Thomas Lights, East Sarah, PR 05136",Sales,830754.88,6(Bn6Hbk4Q$H
8483,Alan,Gonzalez,jodi37@example.com,001-573-783-2060,652-89-0158,1982-02-24,"413 Robert Circle Apt. 410, Port April, UT 49324",Sales,1762247.17,PZH*1S)douHn
2223,Sherry,Taylor,moorefrank@example.com,261-585-3747x41124,856-42-2431,1965-07-24,"8044 Anthony Lodge Suite 883, South Curtisberg, DE 02068",Marketing,2304483.43,!3YZVEmg%sK)
1829,Gary,Berry,ycrawford@example.net,(625)932-4472x09993,422-71-7849,1963-07-03,"63838 Veronica Tunnel Suite 787, Robertahaven, MD 51406",Engineering,1633707.42,2#lklMEV%+6A
7363,Michael,Combs,gregorywatkins@example.net,001-659-405-9929x378,503-05-1479,1963-03-06,"87059 Lindsay Junctions, Port Megan, MD 08307",HR,1953178.08,tjopx2Sw*A!+
3854,Jasmine,Hoffman,jeffrey92@example.com,542-320-9690x2959,509-19-5426,1964-08-24,"15704 John Cliff Suite 410, South Samuelchester, GA 54767",Marketing,1069821.86,Fn*UiLrl#@76
2228,Amy,Villanueva,morgantricia@example.com,001-806-629-6201x533,677-37-4873,1975-07-09,"872 Michael Meadow Apt. 497, North Anthony, GA 84149",Operations,328256.37,%HOPdS1rF17M
3476,Karen,Contreras,barnettlindsey@example.com,001-393-880-6868x79374,875-92-0569,1993-07-09,"72233 Brad Common, Harrisberg, MP 78495",HR,2403052.06,%z5CXLqkY%JI
9775,Nicole,Humphrey,patrick79@example.net,202.946.2996x0653,276-48-0332,1982-05-06,"4713 Kevin Summit Suite 546, East Scottchester, WA 64000",Marketing,2189382.48,(%e5jqU0q2%B
5488,Micheal,Marshall,hreid@example.net,7357797279,168-34-1481,1978-10-02,"93333 Pearson Passage, Port Kimberlytown, NJ 17843",Sales,429009.84,_zlAxZTFD2Mc
9380,Yvonne,Levy,anna99@example.com,517-215-4544x4328,825-77-6621,1981-02-06,"744 Sullivan Street, New Jeanshire, GU 25393",Finance,1832772.75,ZN3EAraT^MVf
2463,Jeffrey,Walker,robert55@example.com,001-347-917-0999,200-65-1964,1985-04-29,"22356 Thomas Wall Apt. 175, West Cynthia, AL 59752",Sales,581308.03,%iOY&yYH3G#2
1293,Erica,Sims,jeremywiley@example.com,(616)689-4210,467-94-8525,1999-12-08,"257 Christensen Expressway Suite 033, East Jessica, OR 66644",HR,701869.36,a1q6L$wa#@dI
8772,Jacqueline,Harris,turnerdorothy@example.net,549.592.6189x14117,797-34-8572,1973-01-28,"2087 Haley Orchard Suite 300, North Maryfort, FL 12308",Sales,1009852.78,(1Xz9M*0#9lx
3793,Mark,Kline,natalie15@example.com,(416)367-4676,136-90-0961,1970-03-14,"729 Maxwell Ridge Apt. 277, South Scottland, KS 86349",Engineering,1800681.59,QhW4wqvc^K0N
1894,Alexander,Michael,kchristian@example.org,001-975-935-4083x86631,821-74-7342,1965-05-05,"1701 Gutierrez Point Apt. 199, Pamelaside, IL 86300",Engineering,966711.99,nmoCKlfE_*7!
9552,Nathaniel,Rodriguez,travisunderwood@example.net,001-361-849-3316x3735,048-82-9648,1967-09-27,"9827 Alyssa Causeway Suite 978, Lake Beth, VA 17328",Finance,1930474.27,WBrItd6H@6lV
9975,Michelle,Joseph,jamesweber@example.com,+1-652-828-8515x87996,828-02-8565,1966-08-07,"03424 Thomas Circle, Jamesside, AZ 47514",HR,1198874.81,1pgT5vl9*uTw
1212,Julia,Harris,ogreer@example.net,001-459-389-3347x212,387-06-7021,1978-05-07,"94057 Bill Islands, Port Sarahport, NM 75562",Sales,1626779.82,eQwCz+SH(5bC
8780,Wendy,Colon,wilsonmichael@example.org,+1-799-930-5616x4840,499-06-4857,1972-06-14,"28801 Ellen Trail, Port Gina, MP 14122",HR,375606.09,jZv$8LWx%kTU
7626,Ryan,Smith,nicholsdarlene@example.net,390-615-8144,784-57-6250,1986-03-29,"2832 Robles Vista, Susanberg, ME 89274",Engineering,592172.03,q_ArHS&3+53t
5140,James,White,yorksarah@example.net,481.541.4139x755,103-37-1144,1972-07-09,"9492 Aguirre Meadow Apt. 053, Lake Jodi, NE 36765",Operations,2172963.16,^2KjO(Z&8nVx
9309,Crystal,Hess,nhammond@example.org,+1-648-487-2563,476-65-8363,1965-07-07,"392 Sean Fall, Lake Jessica, MI 05798",Operations,1287272.86,75bQcGtr#$7H
9918,Ashley,Bennett,pdiaz@example.org,946.438.6557x79082,236-10-8431,2003-02-21,"25913 Shepherd Stravenue, South Emmafort, IL 77937",Marketing,2465728.19,#U+YhU%71w6A
2404,Jay,Obrien,kdillon@example.org,(592)892-9842x57991,395-17-1779,1960-06-24,"91279 Natalie Place Apt. 172, Port Erikachester, NC 55640",HR,1065730.44,J0NiWltn^q6i
7695,Jonathan,Smith,lanedavid@example.org,(735)665-1269x4486,697-51-3338,1987-06-22,"58874 Lane Trail Suite 213, Loganburgh, CT 28610",Marketing,1515078.15,(6c$GZlmMk&7
7296,Sarah,Morales,jennifer90@example.org,+1-477-203-8430x9883,369-31-0005,1970-01-25,"5669 April Street Apt. 184, Michaelview, IN 79978",Marketing,2096357.33,!0P7PDMs7$k6
6565,Susan,Ellis,bmosley@example.com,241-663-3565,255-37-1524,1986-07-02,"82755 Patricia Grove Apt. 373, Lake John, KS 27603",HR,1499421.17,Ej3^HO!tw$FB
9374,Juan,Walker,brianlloyd@example.com,+1-908-756-2718,706-02-0194,1973-09-11,"5942 Young Mountains, Michaelfort, NE 28095",HR,1756344.79,&15U4*LmJG_w
9185,Dennis,Barry,kristen44@example.net,001-306-912-0347,763-43-4257,1983-12-01,"0615 Barbara Run Apt. 455, Hamptonmouth, FM 10778",Marketing,378741.74,Y_0loYUo^&9J
7479,Joseph,Wallace,julie87@example.com,(820)323-4132,098-09-7753,1996-09-03,"114 Christopher Loaf Suite 334, Simsberg, NC 22862",Sales,2496738.67,pCNyS8lx!0VY
9745,Kyle,Reed,lindaramos@example.com,(942)640-0825x47807,010-99-7053,1979-04-15,"536 Foster Estates, Claytonbury, KS 10883",Operations,2133418.33,lXd8QR7y^&(3
9060,Jacob,Smith,bookerandrew@example.org,642-970-3120x7356,381-60-0520,1981-10-29,"46187 James Ville, Lisatown, DE 94175",Engineering,374156.63,662gob3G$v+Y
8884,Danielle,Gonzalez,boyerjeff@example.org,565.202.4916,044-75-7787,1999-12-04,"27195 Brian Rue, Lake Amanda, CT 16993",Engineering,2241842.91,khl*2dErs3KK
4057,Amy,Morris,mhill@example.net,(918)227-4485,795-82-8290,1985-02-23,"593 Le Shoals, Leefort, WI 72782",Marketing,598485.87,IB*a$vJk#29Z
5193,Brandon,Walker,smithsamantha@example.net,317.605.8650x9480,080-28-8512,1965-12-17,"633 Ashley Fall, Reeseshire, MI 88908",Engineering,580399.6,kSPaRDfsSz*6
4943,Anna,Lewis,michael77@example.com,6045908240,220-41-0356,1978-02-17,"PSC 8899, Box 2107, APO AA 20962",Sales,1206071.32,6#AUL4^CNs4e
1612,Jessica,Johnston,deleonsandra@example.com,(766)413-9060x480,335-65-3618,1969-10-11,"9981 Ryan Turnpike Suite 225, South Ashleyton, OH 52823",Engineering,387935.62,KdiN2MqTz%17
2467,Daniel,Gutierrez,michael55@example.net,+1-704-425-9792x7033,776-94-1406,1967-01-01,"240 Benson Creek, Shannontown, MA 27896",HR,1907045.44,ShSGgdbFt86+
1869,Steven,Landry,pricejoseph@example.net,(310)446-3681x579,204-65-7504,1997-07-04,"PSC 0038, Box 4576, APO AP 21079",Operations,1047917.15,EA!58VlGzzvw
3248,Christopher,Reyes,robertberry@example.com,495-878-2329x8324,789-19-9255,1970-02-09,"52056 Turner Summit, Edwinborough, CT 17742",Operations,491625.11,XW#05@Yt)oMa
4707,Antonio,Duran,schaeferstephanie@example.org,001-233-812-7975x7366,738-41-6458,2000-12-19,"USS Meyer, FPO AA 60387",Operations,2039082.27,!gTQY$9Hr3MQ
3330,Steven,Lucas,sharpdaniel@example.net,001-982-366-5702x793,257-42-2687,1967-10-05,"518 Acosta Pass Apt. 686, Port Georgemouth, OK 86946",Operations,424419.84,2$Agx91f#Ei!
9084,John,Chapman,cchavez@example.org,+1-290-738-4983x022,038-19-0532,1998-09-10,"1016 Evan Haven Apt. 795, North Kaylamouth, MN 50169",Finance,479452.21,9)d8RQdc(@Y6
7996,Chelsea,Stewart,sara99@example.com,877.829.3430x10713,047-43-5729,1997-06-28,"34414 Hunter Islands, North Ginamouth, MO 95449",Engineering,2260441.55,)nuNN#f+9qsA
5904,Annette,Gregory,clarkgina@example.com,824-405-6829,610-15-5051,1980-10-02,"1735 Gallegos Hollow Apt. 842, West Kristenborough, PW 12638",Operations,528028.99,8PAzgQj_qmv*
8526,Paul,Hancock,smithsarah@example.net,+1-715-570-1840x943,198-37-4533,1995-07-29,"142 Joshua Bridge Apt. 385, Josephport, OK 32590",HR,1811726.72,sS$#sJGtH#r1
6119,Martin,Gonzalez,beltrankatelyn@example.com,001-521-571-7477,148-79-4228,1984-02-01,"7701 Rodriguez Neck Suite 245, New Dakota, GU 94122",HR,359448.33,^AMV5RuN@5dJ
4869,Gilbert,Caldwell,mwilson@example.com,281-372-4619x19657,223-18-9516,2002-08-23,"278 Price Ports, Gonzalezmouth, ME 75248",Engineering,1555200.1,_4&!Nw)9FS$e
